{
    "name": "root",
    "gauges": {
        "MyBehavior.Policy.Entropy.mean": {
            "value": 0.980177640914917,
            "min": 0.9796038269996643,
            "max": 1.4281342029571533,
            "count": 40
        },
        "MyBehavior.Policy.Entropy.sum": {
            "value": 48871.65625,
            "min": 48342.27734375,
            "max": 73504.3828125,
            "count": 40
        },
        "MyBehavior.Environment.EpisodeLength.mean": {
            "value": 93.31826741996234,
            "min": 8.63020030816641,
            "max": 165.52666666666667,
            "count": 40
        },
        "MyBehavior.Environment.EpisodeLength.sum": {
            "value": 49552.0,
            "min": 44808.0,
            "max": 52655.0,
            "count": 40
        },
        "MyBehavior.Step.mean": {
            "value": 1999987.0,
            "min": 49974.0,
            "max": 1999987.0,
            "count": 40
        },
        "MyBehavior.Step.sum": {
            "value": 1999987.0,
            "min": 49974.0,
            "max": 1999987.0,
            "count": 40
        },
        "MyBehavior.Policy.ExtrinsicValueEstimate.mean": {
            "value": 596.6288452148438,
            "min": -346.3108215332031,
            "max": 641.187744140625,
            "count": 40
        },
        "MyBehavior.Policy.ExtrinsicValueEstimate.sum": {
            "value": 603788.375,
            "min": -794090.6875,
            "max": 684788.5,
            "count": 40
        },
        "MyBehavior.Environment.CumulativeReward.mean": {
            "value": 5335.4048964218455,
            "min": -998.5937198998266,
            "max": 5989.89247311828,
            "count": 40
        },
        "MyBehavior.Environment.CumulativeReward.sum": {
            "value": 2833100.0,
            "min": -5183700.0,
            "max": 2833100.0,
            "count": 40
        },
        "MyBehavior.Policy.ExtrinsicReward.mean": {
            "value": 5335.4048964218455,
            "min": -998.5937198998266,
            "max": 5989.89247311828,
            "count": 40
        },
        "MyBehavior.Policy.ExtrinsicReward.sum": {
            "value": 2833100.0,
            "min": -5183700.0,
            "max": 2833100.0,
            "count": 40
        },
        "MyBehavior.Losses.PolicyLoss.mean": {
            "value": 0.02626294746005442,
            "min": 0.019798477452713997,
            "max": 0.02662715324821572,
            "count": 40
        },
        "MyBehavior.Losses.PolicyLoss.sum": {
            "value": 0.10505178984021768,
            "min": 0.09136063416178028,
            "max": 0.1331357662410786,
            "count": 40
        },
        "MyBehavior.Losses.ValueLoss.mean": {
            "value": 1324787.0677083333,
            "min": 5787.1235091145845,
            "max": 1324787.0677083333,
            "count": 40
        },
        "MyBehavior.Losses.ValueLoss.sum": {
            "value": 5299148.270833333,
            "min": 23206.732047526042,
            "max": 6311748.033333333,
            "count": 40
        },
        "MyBehavior.Policy.LearningRate.mean": {
            "value": 3.7078362640875e-06,
            "min": 3.7078362640875e-06,
            "max": 0.00029615396378201243,
            "count": 40
        },
        "MyBehavior.Policy.LearningRate.sum": {
            "value": 1.483134505635e-05,
            "min": 1.483134505635e-05,
            "max": 0.0014461153679615497,
            "count": 40
        },
        "MyBehavior.Policy.Epsilon.mean": {
            "value": 0.1012359125,
            "min": 0.1012359125,
            "max": 0.19871798750000008,
            "count": 40
        },
        "MyBehavior.Policy.Epsilon.sum": {
            "value": 0.40494365,
            "min": 0.40494365,
            "max": 0.98203845,
            "count": 40
        },
        "MyBehavior.Policy.Beta.mean": {
            "value": 7.167203374999999e-05,
            "min": 7.167203374999999e-05,
            "max": 0.00493602757625,
            "count": 40
        },
        "MyBehavior.Policy.Beta.sum": {
            "value": 0.00028668813499999995,
            "min": 0.00028668813499999995,
            "max": 0.024103718655000002,
            "count": 40
        },
        "MyBehavior.IsTraining.mean": {
            "value": 1.0,
            "min": 1.0,
            "max": 1.0,
            "count": 40
        },
        "MyBehavior.IsTraining.sum": {
            "value": 1.0,
            "min": 1.0,
            "max": 1.0,
            "count": 40
        }
    },
    "metadata": {
        "timer_format_version": "0.1.0",
        "start_time_seconds": "1691428346",
        "python_version": "3.9.0 (tags/v3.9.0:9cf6752, Oct  5 2020, 15:34:40) [MSC v.1927 64 bit (AMD64)]",
        "command_line_arguments": "C:\\Users\\tolga\\AppData\\Local\\Programs\\Python\\Python39\\Scripts\\mlagents-learn ./basic.yaml --run-id big9",
        "mlagents_version": "0.30.0",
        "mlagents_envs_version": "0.30.0",
        "communication_protocol_version": "1.5.0",
        "pytorch_version": "2.0.1+cpu",
        "numpy_version": "1.21.2",
        "end_time_seconds": "1691429182"
    },
    "total": 835.813366,
    "count": 1,
    "self": 0.006476399999996829,
    "children": {
        "run_training.setup": {
            "total": 0.08476349999999999,
            "count": 1,
            "self": 0.08476349999999999
        },
        "TrainerController.start_learning": {
            "total": 835.7221261,
            "count": 1,
            "self": 0.5715176999997311,
            "children": {
                "TrainerController._reset_env": {
                    "total": 26.3963337,
                    "count": 1,
                    "self": 26.3963337
                },
                "TrainerController.advance": {
                    "total": 808.7102878000003,
                    "count": 25139,
                    "self": 0.5012371000021858,
                    "children": {
                        "env_step": {
                            "total": 420.1234482999978,
                            "count": 25139,
                            "self": 407.4328138999861,
                            "children": {
                                "SubprocessEnvManager._take_step": {
                                    "total": 12.390573900004004,
                                    "count": 25139,
                                    "self": 1.429340100001685,
                                    "children": {
                                        "TorchPolicy.evaluate": {
                                            "total": 10.961233800002319,
                                            "count": 11139,
                                            "self": 10.961233800002319
                                        }
                                    }
                                },
                                "workers": {
                                    "total": 0.30006050000768525,
                                    "count": 25139,
                                    "self": 0.0,
                                    "children": {
                                        "worker_root": {
                                            "total": 808.6679222000042,
                                            "count": 25139,
                                            "is_parallel": true,
                                            "self": 473.3587133000042,
                                            "children": {
                                                "steps_from_proto": {
                                                    "total": 0.0011058000000012669,
                                                    "count": 1,
                                                    "is_parallel": true,
                                                    "self": 0.00026200000000287105,