{"count":1,"self":37.8620576,"total":147.71954499999998,"children":{"InitializeActuators":{"count":16,"self":0.001995,"total":0.001995,"children":null},"InitializeSensors":{"count":16,"self":0.0009972,"total":0.0009972,"children":null},"AgentSendState":{"count":69151,"self":0.87263289999999993,"total":4.6424176,"children":{"CollectObservations":{"count":221296,"self":0.4473368,"total":0.4473368,"children":null},"WriteActionMask":{"count":221296,"self":0.15853979999999998,"total":0.15853979999999998,"children":null},"RequestDecision":{"count":221296,"self":1.2458194999999999,"total":3.1639081,"children":{"AgentInfo.ToProto":{"count":221296,"self":0.6421494,"total":1.9180886,"children":{"GenerateSensorData":{"count":221296,"self":1.2759392,"total":1.2759392,"children":null}}}}}}},"DecideAction":{"count":69151,"self":103.22346879999999,"total":103.22346759999999,"children":null},"AgentAct":{"count":69151,"self":1.9308512,"total":1.9656334,"children":{"AgentInfo.ToProto":{"count":1856,"self":0.012938,"total":0.034782099999999996,"children":{"GenerateSensorData":{"count":1856,"self":0.021844099999999998,"total":0.021844099999999998,"children":null}}}}},"AgentInfo.ToProto":{"count":1086,"self":0.0040022999999999994,"total":0.0219876,"children":{"GenerateSensorData":{"count":1086,"self":0.0179853,"total":0.0179853,"children":null}}}},"gauges":{"Agent Behavior.CumulativeReward":{"count":2942,"max":1,"min":-2,"runningAverage":-0.388511181,"value":0,"weightedAverage":-2.802597E-45}},"metadata":{"timer_format_version":"0.1.0","start_time_seconds":"1689425167","unity_version":"2021.3.24f1","command_line_arguments":"D:\\Unity\\Installs\\2021.3.24f1\\Editor\\Unity.exe -projectpath D:\\Unity\\MLAGENTS-1 -useHub -hubIPC -cloudEnvironment production -licensingIpc LicenseClient-tolga -hubSessionId eaf993e5-6bcb-4091-b578-a5af4f8ce796 -accessToken 21TizxYGqsthZtEdOYWYjTPzVCHJAw3WFva7XY6hkUc011f","communication_protocol_version":"1.5.0","com.unity.ml-agents_version":"2.0.1","scene_name":"SampleScene","end_time_seconds":"1689425315"}}